customer_id,first_name,last_name,email,country
1,Brandon,Stevenson,brittany62@example.org,Saint Vincent and the Grenadines
2,Maria,Hendricks,burnsryan@example.com,Malaysia
3,Natalie,Hernandez,jonesmisty@example.org,Lao People's Democratic Republic
4,Amanda,Smith,timothyho@example.org,United Kingdom
5,Robin,Luna,rrivera@example.com,Martinique
6,Elizabeth,Carpenter,petersondarryl@example.org,Faroe Islands
7,Jennifer,Alvarez,travismason@example.com,Saint Kitts and Nevis
8,Amy,Williamson,robert01@example.org,Guatemala
9,Adam,Johnson,pnguyen@example.net,Burundi
10,John,Smith,tinabentley@example.org,China
11,Sandra,Murphy,corywebb@example.org,Uganda
12,Erin,Wilson,cathy02@example.net,British Indian Ocean Territory (Chagos Archipelago)
13,Joseph,Richard,jennifergarcia@example.org,Saint Helena
14,Megan,Shaffer,iestrada@example.org,Venezuela
15,Kathleen,Heath,hansenjohn@example.net,Somalia
16,Carolyn,Russell,brian28@example.com,Croatia
17,Jon,Smith,natashajohnson@example.org,Central African Republic
18,Jennifer,Phillips,miguel19@example.net,French Guiana
19,Cynthia,Anderson,ryanleonard@example.com,Ireland
20,Jade,Reeves,amandaluna@example.org,Dominica
21,Laura,Walker,kelleylarry@example.net,Sri Lanka
22,Brett,Hawkins,wtyler@example.org,Luxembourg
23,Michael,Moyer,jeremy35@example.com,Mexico
24,William,Johnson,jhull@example.com,Nigeria
25,Justin,Bryan,brandireese@example.net,Sweden
26,Timothy,Smith,katherinegrant@example.net,Burkina Faso
27,Kara,Randall,holtfrances@example.org,Djibouti
28,Penny,Davis,brianmiller@example.net,Burkina Faso
29,John,Sims,evaldez@example.net,Zambia
30,Frances,Rivera,keithaustin@example.org,Serbia
31,Jacob,Patel,desireewilliams@example.net,Japan
32,Benjamin,Bowman,petersonwesley@example.com,United Kingdom
33,Tammy,Molina,xperez@example.org,Greece
34,Joyce,Smith,courtneyking@example.org,United States of America
35,Diana,Richardson,thorntonscott@example.org,Nicaragua
36,Taylor,Petty,sarah82@example.net,South Africa
37,Joseph,Jenkins,gracekeller@example.net,Christmas Island
38,Phillip,Banks,ariana37@example.net,Bermuda
39,Olivia,Cooley,williamsroger@example.net,Philippines
40,Sierra,Hoover,ruizheather@example.net,Belize
41,Jessica,Hines,jennifer82@example.com,Slovenia
42,Jennifer,Rivera,lucasjesse@example.com,Timor-Leste
43,Monica,Mata,krystal20@example.com,Venezuela
44,Jennifer,Griffith,matthew61@example.com,Mozambique
45,Danielle,Martin,sarahlong@example.com,Madagascar
46,Kristi,Stein,tiffany79@example.com,Sudan
47,Philip,Owen,donaldmoreno@example.org,Lao People's Democratic Republic
48,Dawn,Friedman,jonesbetty@example.org,Iraq
49,Jessica,Williams,jenniferpatton@example.org,United States Virgin Islands
50,Zachary,Diaz,umartin@example.com,Turks and Caicos Islands
51,David,Schroeder,hortonruth@example.org,Slovakia (Slovak Republic)
52,Dylan,Russell,lawrencejade@example.com,Kiribati
53,Joshua,Larsen,mark08@example.org,Barbados
54,Michael,Thompson,nphillips@example.net,Poland
55,Lisa,Parker,mcphersongloria@example.net,Libyan Arab Jamahiriya
56,James,Rivera,scottcollin@example.com,Bahrain
57,Derek,Robinson,xsmith@example.org,Equatorial Guinea
58,Kristen,Johnston,jamiepreston@example.com,Angola
59,Robert,Meyer,wgonzales@example.org,Liberia
60,John,Cole,dunnkara@example.net,Taiwan
61,Sarah,Boyer,tannermichael@example.net,Tanzania
62,Melissa,Garza,wwhite@example.org,Suriname
63,Michael,Blair,rebeccawise@example.com,Pitcairn Islands
64,Michelle,Thomas,russokimberly@example.com,Israel
65,Melissa,Brooks,bensonpatricia@example.net,North Macedonia
66,Jamie,Flores,elaine01@example.net,Sweden
67,Sheila,Camacho,hbenson@example.org,Montenegro
68,Deborah,Hood,gilbert50@example.org,Italy
69,Nina,Cannon,dave87@example.com,Luxembourg
70,Tiffany,Montgomery,anna69@example.com,Cape Verde
71,Savannah,West,francodebra@example.com,Malawi
72,Zachary,Alvarez,zfowler@example.org,Liechtenstein
73,Matthew,Hill,clarkveronica@example.org,Argentina
74,Joseph,Perez,robersonjoshua@example.net,Sudan
75,Matthew,Cain,jayhuff@example.org,Bahamas
76,Matthew,Hill,andersonsteven@example.com,Yemen
77,Cassidy,Moreno,mitchellcooper@example.com,Iceland
78,Aaron,Walker,ucantrell@example.net,Poland
79,Alicia,Anderson,hamiltonhannah@example.org,Australia
80,Justin,Weaver,nicholasstevenson@example.com,Brunei Darussalam
81,Sherry,Massey,whitesarah@example.com,Central African Republic
82,Robert,Davis,spencetheresa@example.org,Iraq
83,David,Meyer,kelsey30@example.org,Iceland
84,Alexis,Thomas,jasmin54@example.com,Puerto Rico
85,Erika,Hogan,marcgibbs@example.org,Sudan
86,Rachel,Walker,jordan11@example.org,Grenada
87,Michael,James,kristibriggs@example.net,Greece
88,Jacqueline,Perez,christophertrujillo@example.net,Georgia
89,Jonathan,Merritt,trodriguez@example.org,Mauritius
90,Melissa,Mitchell,kathryngreen@example.com,Switzerland
91,Marco,Crawford,harry80@example.com,Benin
92,Jared,Zamora,wendy47@example.org,Belize
93,Neil,Lawrence,erikwatts@example.org,United Kingdom
94,Michelle,Dixon,luispaul@example.org,Macao
95,Daniel,Johnson,kevinjones@example.org,Tonga
96,Andrew,Davis,andrew55@example.net,Dominican Republic
97,Dawn,Bailey,nataliefisher@example.org,Estonia
98,Cynthia,Adkins,dacosta@example.org,Nigeria
99,Taylor,Owens,carlasoto@example.com,Rwanda
100,Nicholas,Stewart,dixonraymond@example.net,Angola
101,Tanya,Bryant,valeriehenderson@example.org,Qatar
102,Jill,Bell,znovak@example.net,Congo
103,Shelly,Glenn,donnajenkins@example.org,Fiji
104,Mercedes,Roy,bauerheather@example.net,Mozambique
105,Mason,Russell,troy73@example.net,Mexico
106,Maria,Thomas,melissachandler@example.net,Mayotte
107,Kent,Ramos,castroelizabeth@example.org,Belize
108,Eugene,Arnold,garciamelissa@example.com,Belize
109,Kyle,Mccoy,rriley@example.com,Mayotte
110,Teresa,Sawyer,apriljacobs@example.org,Gibraltar
111,Leslie,Burns,maurice98@example.com,Peru
112,Carla,Wright,jenniferperry@example.org,Albania
113,Cody,Roach,fandrews@example.org,American Samoa
114,Heidi,Smith,tina56@example.org,Poland
115,Theresa,Le,ashleygarcia@example.net,Antarctica (the territory South of 60 deg S)
116,Randy,Ward,antonioduarte@example.com,Saint Barthelemy
117,Samantha,Nunez,kwilliams@example.com,Taiwan
118,Brian,Sanchez,leesteele@example.net,Madagascar
119,Collin,Meyer,hayesjean@example.com,Liberia
120,Robert,Martinez,nortonaaron@example.org,Hungary
121,Chelsey,Orr,dixoncarrie@example.com,Malta
122,Amy,White,mnelson@example.org,Equatorial Guinea
123,Benjamin,Rodriguez,johnsonmichael@example.net,American Samoa
124,Dawn,Martinez,carol00@example.org,Finland
125,Brenda,Mills,christinaarmstrong@example.com,Kyrgyz Republic
126,Luis,Cook,susansolis@example.com,Guatemala
127,Ricky,Lee,melissa73@example.net,Armenia
128,Jodi,Steele,kelly87@example.net,Zambia
129,David,Cabrera,samantha37@example.org,Syrian Arab Republic
130,Jerry,Sanford,jeanette05@example.com,Solomon Islands
131,Karen,Castro,christopher52@example.org,Iraq
132,Kenneth,Powell,kimberly34@example.com,Saint Barthelemy
133,Bethany,Mayer,briancombs@example.com,Myanmar
134,Amanda,Williams,christopherjones@example.com,Gambia
135,Frank,Martinez,bsalinas@example.org,Romania
136,Alexander,Johnson,calhounlisa@example.org,Bhutan
137,Eric,Simpson,deanwest@example.com,Armenia
138,Randy,Smith,thomasjohnson@example.net,Thailand
139,April,Brooks,qbowman@example.com,Niger
140,Andrea,Morgan,edwardglover@example.org,Timor-Leste
141,Isabel,Martinez,blackwellmason@example.com,Jordan
142,Patricia,Gonzalez,rcortez@example.com,Tonga
143,Katherine,Golden,andrea05@example.net,Greenland
144,Matthew,Barajas,kimberly57@example.org,Norfolk Island
145,Stephanie,Ball,davidlara@example.net,Lao People's Democratic Republic
146,David,Rice,summer04@example.net,Saint Martin
147,Kimberly,Mcdaniel,michael97@example.org,Cameroon
148,Harold,Watkins,lydiahampton@example.org,South Africa
149,Erin,Garcia,kristysherman@example.com,Isle of Man
150,Heather,Johnson,lisamiller@example.net,Paraguay
151,Pamela,Coffey,ffreeman@example.com,Tuvalu
152,Blake,Jones,ewallace@example.org,Peru
153,Jeffrey,Ramos,dmitchell@example.net,American Samoa
154,David,Moore,caitlin53@example.com,Vietnam
155,John,Briggs,spowell@example.org,Iceland
156,Nathaniel,Trevino,qjones@example.org,South Georgia and the South Sandwich Islands
157,Jacqueline,Ortega,emilybond@example.org,Palau
158,Susan,Brown,adamreid@example.org,Norway
159,Beverly,Whitaker,patrick92@example.net,United States Virgin Islands
160,Amy,Castro,markjuarez@example.net,New Caledonia
161,Mark,Hutchinson,jason51@example.net,Sao Tome and Principe
162,Heidi,Leonard,karen09@example.com,Barbados
163,Tanya,Lowe,hhoward@example.org,Lesotho
164,William,Harris,dcarlson@example.com,Norway
165,Kimberly,Willis,kayleedurham@example.net,Swaziland
166,Stephanie,Taylor,jmiller@example.net,Vanuatu
167,Lisa,Gordon,theodore95@example.org,Indonesia
168,Kathleen,Bryant,jamesnichols@example.com,Brunei Darussalam
169,Cheryl,Sutton,stephanie56@example.com,Honduras
170,Julie,Thompson,dadams@example.com,Costa Rica
171,Alexandria,Thompson,jacksondanny@example.org,Mauritania
172,Robert,Johnson,nathaniel03@example.com,Saint Helena
173,Anne,Sharp,wperez@example.org,Holy See (Vatican City State)
174,David,Goodwin,porterjennifer@example.com,South Africa
175,Tom,Le,jenniferclark@example.org,Serbia
176,Crystal,Jackson,heather38@example.org,Lesotho
177,Carla,Jones,nwells@example.net,Isle of Man
178,Patricia,Livingston,dakota62@example.net,Macao
179,Tonya,Watson,lunanicole@example.com,Qatar
180,Michael,Butler,linda15@example.net,Bangladesh
181,Michele,Chen,maldonadoamanda@example.net,Saint Martin
182,Andre,Shelton,tbennett@example.org,Belize
183,Timothy,Lester,staceybrock@example.org,South Georgia and the South Sandwich Islands
184,Andrew,Jones,evangibson@example.com,Kiribati
185,Michele,Riggs,david35@example.com,French Southern Territories
186,Joseph,Martinez,ptyler@example.org,Mayotte
187,Cheryl,Johnson,marshstephen@example.net,Madagascar
188,Carolyn,Owen,thomaskenneth@example.net,Falkland Islands (Malvinas)
189,Sarah,Santos,iharrison@example.com,Cote d'Ivoire
190,Jessica,Murphy,upeters@example.net,Sweden
191,Sandra,Green,katelyngillespie@example.com,Christmas Island
192,Sophia,Delgado,craigbrooks@example.net,Israel
193,Michael,Cooper,adrian07@example.org,Costa Rica
194,Margaret,Graham,kthomas@example.com,United States of America
195,Michael,Rogers,timothy14@example.org,Malta
196,Theresa,Jones,theresalee@example.org,Brunei Darussalam
197,Joseph,Combs,daniellekidd@example.com,Andorra
198,Katherine,Nelson,perezmary@example.org,Uzbekistan
199,Rebecca,Franklin,jessicajacobs@example.org,Mozambique
200,Crystal,Horne,gravesangel@example.com,Canada
201,Mark,Warren,srobinson@example.com,Guyana
202,Mariah,Daniels,julie93@example.org,Congo
203,Louis,Hanson,elizabethgomez@example.com,Australia
204,Briana,Randall,todd71@example.net,Puerto Rico
205,Carl,Ochoa,kallen@example.com,Tokelau
206,Jennifer,Johnson,xshields@example.org,Cook Islands
207,Linda,Rodriguez,dmeza@example.org,Saudi Arabia
208,Emily,Moore,paulanderson@example.net,Fiji
209,Nathan,Holland,danavillarreal@example.org,Guinea-Bissau
210,Heidi,Rosario,brittanycampbell@example.com,Holy See (Vatican City State)
211,Brad,Schwartz,kelseypatel@example.com,Togo
212,Vernon,Lam,brittany94@example.com,French Southern Territories
213,Jim,Hayes,peter61@example.org,Tonga
214,Dana,Todd,garymcgee@example.org,Kiribati
215,Antonio,Hunter,fernandezmolly@example.net,Cayman Islands
216,Michael,Aguilar,leroycaldwell@example.com,Niue
217,Christopher,Jordan,dawsonscott@example.net,Afghanistan
218,Jamie,Raymond,rsmith@example.net,Azerbaijan
219,Bonnie,Johnson,jacksonmark@example.net,Korea
220,Charles,Baldwin,cassidyballard@example.org,Macao
221,Amy,Campbell,deniseyoung@example.org,Zambia
222,James,Johnson,xbell@example.org,Ecuador
223,Julian,Lawrence,andrew14@example.org,Qatar
224,Michael,Marquez,jacoblopez@example.org,Faroe Islands
225,Misty,Warner,natashaburns@example.org,Sierra Leone
226,Regina,Klein,austin34@example.net,Tuvalu
227,Summer,Thomas,smithbrian@example.org,Paraguay
228,Matthew,Taylor,watersdana@example.com,Rwanda
229,Kayla,Gonzalez,kbuckley@example.net,Mozambique
230,Jason,Smith,holmeskimberly@example.net,Mexico
231,Scott,Ortiz,joyceruben@example.org,Congo
232,Traci,Nicholson,christopherramirez@example.net,Saint Vincent and the Grenadines
233,Crystal,Pacheco,harrisjason@example.org,Sierra Leone
234,Lauren,Sims,cynthia20@example.net,Seychelles
235,Ronald,Gregory,nelsonryan@example.net,Macao
236,Brenda,Haynes,hawkinskenneth@example.com,Malawi
237,Alexandria,Hernandez,renee15@example.net,Denmark
238,Sean,Harris,kcrosby@example.com,Montenegro
239,Michelle,Rich,qdean@example.com,Palau
240,Brandy,Pierce,yperkins@example.org,Dominica
241,Eric,Branch,georgemckay@example.org,United States Minor Outlying Islands
242,Richard,Campbell,marybanks@example.org,Kenya
243,John,Walker,qshaw@example.com,Philippines
244,Adam,Fernandez,laura18@example.net,Saint Kitts and Nevis
245,Anita,Horne,bennettrichard@example.org,Ukraine
246,Robert,Berry,gregoryaustin@example.org,Afghanistan
247,Joshua,Miller,walkerbrittany@example.net,Croatia
248,Amy,Lee,richardmatthews@example.com,Canada
249,Thomas,Robertson,judymiller@example.org,Greece
250,Christine,Freeman,fieldsmelanie@example.org,Mozambique
251,Amanda,Scott,hellis@example.com,Liechtenstein
252,Lauren,Simpson,scottkevin@example.net,Cambodia
253,Nathan,Johnson,millernicole@example.org,Comoros
254,Sarah,Ellis,berryconnie@example.com,Uzbekistan
255,Victoria,Hart,snyderkayla@example.org,United States Virgin Islands
256,Melissa,Miller,meganmoore@example.org,Pakistan
257,Craig,Fields,hernandezkathy@example.org,Lao People's Democratic Republic
258,Kristi,Arellano,johnthomas@example.net,Indonesia
259,Dana,Johnson,kristenmalone@example.com,Botswana
260,Jesus,Allen,larsenjohn@example.com,Algeria
261,David,Price,julia42@example.com,Andorra
262,Mary,Farmer,karachavez@example.com,Sudan
263,Jeremy,Martinez,brian84@example.com,Dominica
264,William,Shepherd,pachecolori@example.net,Vanuatu
265,Jessica,Watson,annamendez@example.com,Iraq
266,Eric,George,lindabuchanan@example.org,Cook Islands
267,Jody,Cox,fitzpatrickjohn@example.net,Ethiopia
268,Brett,Carter,jermaine22@example.net,British Virgin Islands
269,Thomas,Garcia,james23@example.net,United States Virgin Islands
270,Amanda,Price,scott59@example.org,Rwanda
271,William,Munoz,collinskara@example.org,Madagascar
272,Robert,Cooper,nathanbrown@example.org,Slovakia (Slovak Republic)
273,Sydney,Robles,vbrewer@example.org,Uruguay
274,Kathleen,Jones,kathleen77@example.com,Saint Barthelemy
275,Lisa,Hopkins,rebekah67@example.com,South Georgia and the South Sandwich Islands
276,Ronald,Cook,uhanson@example.net,Mozambique
277,Brett,Price,darrellhull@example.net,Anguilla
278,Nicole,Deleon,johnsonnicholas@example.org,Gambia
279,Rachel,Pruitt,andrewlambert@example.com,Vietnam
280,Michelle,Kent,jwilliams@example.com,Sao Tome and Principe
281,Janet,Robinson,eric87@example.org,Benin
282,Tiffany,Jones,ernesthunter@example.net,French Polynesia
283,Bruce,Ibarra,zarias@example.net,Bangladesh
284,Shane,Coleman,patriciagreen@example.com,Vanuatu
285,Devin,Meadows,carterjennifer@example.net,Suriname
286,Anthony,Hoffman,melissa94@example.com,Solomon Islands
287,Rebecca,Yang,maureen08@example.com,Saint Barthelemy
288,Veronica,King,michelle11@example.com,Macao
289,Joseph,Macdonald,kristinerowe@example.com,Portugal
290,Aaron,Foster,kochlaura@example.org,Cook Islands
291,Robert,Walton,yolanda78@example.net,Heard Island and McDonald Islands
292,Trevor,Kelley,jacqueline69@example.org,Chile
293,Jacqueline,Garcia,rsnyder@example.net,Equatorial Guinea
294,Douglas,Jackson,kellylarson@example.org,Liechtenstein
295,Erik,Anderson,ijones@example.net,Switzerland
296,Janice,Webster,woodheather@example.com,Bolivia
297,Jacob,Wiggins,jcooper@example.org,Seychelles
298,Stacy,Johnson,mcintyresharon@example.org,Grenada
299,David,Morrison,bradshawamanda@example.org,San Marino
300,Joshua,Brown,michaelmayo@example.com,Gibraltar
301,Daniel,Owens,smithmelissa@example.org,Bulgaria
302,William,Lopez,glenn66@example.net,Maldives
303,Melissa,Stark,ajensen@example.net,Peru
304,Micheal,Chavez,chase32@example.net,Lao People's Democratic Republic
305,Thomas,Thomas,georgepena@example.net,French Polynesia
306,Frank,Williams,thomasflores@example.net,Iraq
307,James,Davis,mark77@example.net,Timor-Leste
308,Lori,Gomez,mmarsh@example.org,Montserrat
309,Catherine,Blake,stevenwatson@example.org,Jersey
310,Courtney,Yu,glee@example.com,Kazakhstan
311,Natasha,Chavez,zbruce@example.net,Vanuatu
312,Paul,Perry,nathan94@example.org,Cape Verde
313,Yvette,English,lwilkins@example.com,Albania
314,Andrew,Soto,benjamin05@example.net,Japan
315,Mary,May,feliciafletcher@example.net,Malawi
316,Derrick,Kim,astanton@example.net,Bhutan
317,Alison,Rodriguez,cindysweeney@example.net,Azerbaijan
318,Ronald,Johnson,mwilson@example.org,American Samoa
319,Samantha,Evans,douglaskelly@example.org,Australia
320,Kerry,Brown,santoschad@example.com,Mongolia
321,Wayne,Peterson,alexanderkelly@example.net,Sierra Leone
322,Tyler,Butler,kimberlyevans@example.net,Iraq
323,Meagan,Bishop,hernandezgavin@example.net,Panama
324,Richard,Jackson,russellspencer@example.org,Cayman Islands
325,David,Thompson,jacobjackson@example.org,Bahamas
326,Bianca,Harris,smithnicole@example.com,Romania
327,Gary,Joseph,cookjuan@example.com,Pitcairn Islands
328,Randall,Sanchez,morrismichelle@example.org,French Polynesia
329,Edward,Jackson,aprilnichols@example.com,Syrian Arab Republic
330,Kevin,Fernandez,lopezmichael@example.com,Sri Lanka
331,Rickey,Hooper,tinamcdonald@example.com,Tokelau
332,Kathleen,Simmons,rileyaaron@example.org,Ecuador
333,John,Parks,ptorres@example.net,Malaysia
334,Cynthia,Smith,christinebowman@example.org,Mongolia
335,Cathy,Irwin,butlervanessa@example.com,Suriname
336,Johnny,Brown,jasonmyers@example.org,Jordan
337,Travis,May,zburton@example.net,Reunion
338,Brian,White,taylorkristen@example.com,Georgia
339,Jason,Baldwin,toddwilliams@example.org,Australia
340,Elizabeth,Richardson,terri22@example.net,Ethiopia
341,Justin,Cortez,ryanwhite@example.org,Paraguay
342,Olivia,Young,laura46@example.com,Timor-Leste
343,Thomas,Smith,susan73@example.org,Saint Lucia
344,Lisa,Burton,tanyamatthews@example.org,Korea
345,Jonathan,Smith,sanchezkatie@example.com,Jamaica
346,Steven,Gardner,kirbymary@example.com,Comoros
347,Kimberly,Smith,ihernandez@example.net,British Indian Ocean Territory (Chagos Archipelago)
348,Susan,Carpenter,rodriguezelizabeth@example.com,Heard Island and McDonald Islands
349,Bethany,Carpenter,kruegerlindsey@example.org,Iraq
350,Sandra,Baker,dawsonnicole@example.net,Solomon Islands
351,Peter,Hodges,mcleanelizabeth@example.net,Japan
352,Emily,Davies,adkinssheri@example.org,United Arab Emirates
353,Robert,Lam,millertrevor@example.net,Nepal
354,Rodney,Brady,woodsmatthew@example.org,Cyprus
355,Michael,Thompson,sandrathompson@example.com,Georgia
356,Robin,Schmidt,fletchersusan@example.org,Mali
357,Kathryn,Rangel,hlevy@example.org,Liberia
358,Ronald,Leonard,melindalarsen@example.net,French Southern Territories
359,Brenda,Walker,brandon07@example.com,Poland
360,Natalie,Cooper,lancepatrick@example.net,Jersey
361,Jessica,Adams,jenniferkelly@example.org,Lao People's Democratic Republic
362,James,Smith,matthew03@example.org,Sweden
363,Breanna,Serrano,catherine54@example.net,Montenegro
364,Miranda,Ortega,mitchell69@example.net,Vietnam
365,Sheila,Baird,mollybrown@example.net,Guadeloupe
366,Amanda,Mccullough,raymondashley@example.com,Monaco
367,Cynthia,Collier,lisa43@example.com,Hungary
368,Barry,White,andersonnicholas@example.com,Burkina Faso
369,William,Higgins,cturner@example.org,Bangladesh
370,Michael,Jackson,robertserin@example.com,Zimbabwe
371,Jeanette,House,jessecardenas@example.org,Sudan
372,James,Conner,dylanfoster@example.net,Luxembourg
373,Wendy,Haney,virginia72@example.net,Maldives
374,Eric,Thompson,kinglindsay@example.org,Libyan Arab Jamahiriya
375,Luis,Alvarez,mitchellalyssa@example.net,French Southern Territories
376,Jenna,Morris,andrea71@example.com,Suriname
377,James,Douglas,wangsergio@example.net,South Georgia and the South Sandwich Islands
378,Jessica,Mcdonald,agardner@example.com,Norway
379,Christina,Graham,zwagner@example.org,Ghana
380,John,Davis,skinneranne@example.net,Madagascar
381,Cristian,Conway,gailvasquez@example.com,Poland
382,Matthew,Glover,smithhelen@example.com,Liechtenstein
383,Angela,Cummings,lori88@example.org,Lao People's Democratic Republic
384,Rhonda,Bailey,conleyjose@example.org,Martinique
385,George,Morrison,gregorymiller@example.com,American Samoa
386,Lindsay,Maldonado,brianclarke@example.com,Bhutan
387,Caleb,Hernandez,josewilliams@example.com,United States Virgin Islands
388,Michelle,Henderson,robert87@example.com,Zimbabwe
389,John,Atkinson,leegreg@example.net,South Africa
390,Joanna,Pena,vmoran@example.com,Myanmar
391,Carolyn,Harrison,gutierrezvictoria@example.net,Cook Islands
392,Shawna,Allen,karen75@example.org,Greenland
393,Adam,Durham,evelynpatel@example.net,Tanzania
394,Jeffrey,Anderson,borr@example.org,Tonga
395,Alicia,Becker,andrewmartinez@example.net,Falkland Islands (Malvinas)
396,Douglas,Marshall,gjones@example.net,Korea
397,Thomas,Powell,bserrano@example.org,Estonia
398,Christopher,Reynolds,morrisjustin@example.com,Cocos (Keeling) Islands
399,Kristina,Ward,tortega@example.com,Lao People's Democratic Republic
400,Sandy,Bond,dixonrachel@example.net,Italy
401,Veronica,Herman,michaelduncan@example.org,Holy See (Vatican City State)
402,Lisa,Shaw,gilbertnancy@example.org,Isle of Man
403,Michelle,Ford,harrisbryan@example.com,Tanzania
404,Zachary,Stewart,steven01@example.net,Pitcairn Islands
405,Doris,Bryant,brandi01@example.com,Mozambique
406,Amanda,Gonzalez,thomaskristin@example.org,Haiti
407,Todd,Brock,murraymatthew@example.org,Jersey
408,Kenneth,Cole,jonathanburch@example.net,Turks and Caicos Islands
409,Austin,Bernard,cory63@example.org,Italy
410,Bradley,Peterson,pmiller@example.com,New Zealand
411,James,Ray,sharrison@example.org,Uruguay
412,Allison,Williams,joseph67@example.org,India
413,Jim,Roberson,wilsonmichelle@example.org,Aruba
414,Victoria,Bruce,lindabenson@example.com,Montserrat
415,David,Hernandez,hhughes@example.net,Niger
416,Thomas,Murillo,martinsimpson@example.org,Qatar
417,Eric,Bowman,cmason@example.com,Morocco
418,Leslie,Castillo,ashlee97@example.com,Costa Rica
419,Jeffery,Hodges,michaelwatson@example.com,Montserrat
420,Susan,Jones,joewaters@example.com,Portugal
421,Louis,Baker,suttonsarah@example.net,Argentina
422,Janice,Jones,qmontgomery@example.net,El Salvador
423,Jeffrey,Garcia,josephsnyder@example.com,South Africa
424,David,Munoz,qbond@example.net,United States Virgin Islands
425,Melissa,Jones,kimberlydavis@example.org,Palau
426,Tammy,Hale,amberwilson@example.org,Botswana
427,Jasmine,Mckay,randy02@example.net,Niue
428,Ashlee,Jimenez,jamesmacias@example.org,Estonia
429,Deanna,Harris,martinezkelsey@example.org,Martinique
430,Danielle,Johnson,emendoza@example.org,Greece
431,Lisa,Green,adam82@example.org,Mozambique
432,Kathy,Bryan,longjohnny@example.com,El Salvador
433,Timothy,Willis,danielwhite@example.org,Andorra
434,Sherri,Gregory,reedkayla@example.org,Haiti
435,Rebecca,Bridges,bentonjohn@example.net,Slovakia (Slovak Republic)
436,James,Jones,xadams@example.net,Croatia
437,Chloe,Walls,huntkayla@example.org,Saint Barthelemy
438,Danny,Martinez,xvalencia@example.net,Togo
439,Kathy,Vasquez,jessicagarza@example.net,Chile
440,Darlene,Wallace,lanerobert@example.com,Uruguay
441,Angela,Ruiz,victoriabailey@example.org,Netherlands Antilles
442,Matthew,Davis,morganmichael@example.net,Anguilla
443,Antonio,Cole,allenkristie@example.net,Bhutan
444,Dana,Holden,cherrera@example.com,Malawi
445,Veronica,Davis,pittssheri@example.net,Antigua and Barbuda
446,Bryan,Gibson,mario58@example.com,Nepal
447,Beth,Sanchez,bautistajesse@example.org,Burundi
448,David,Warren,dsmith@example.org,Holy See (Vatican City State)
449,Carlos,Nichols,mitchellhayes@example.org,Indonesia
450,Jennifer,Fernandez,ffitzgerald@example.net,Uruguay
451,Alyssa,Jones,bryanann@example.org,South Georgia and the South Sandwich Islands
452,Michelle,Reid,gary56@example.com,Hungary
453,Linda,Clark,gmendez@example.org,Egypt
454,Gerald,Sherman,robertsonnicole@example.com,Liechtenstein
455,Timothy,Cross,lamberttrevor@example.org,Guadeloupe
456,Hannah,Castillo,tcollins@example.net,Kiribati
457,George,Cabrera,walkerwilliam@example.com,Djibouti
458,Nicole,Short,romerosheila@example.net,Saint Martin
459,Catherine,Stephens,bbrown@example.net,Panama
460,Christopher,Long,christopher05@example.net,Nauru
461,Brandon,Mann,karla71@example.com,Western Sahara
462,John,Robinson,saralane@example.org,Jamaica
463,Joseph,Anderson,morrisryan@example.net,Syrian Arab Republic
464,Candace,Carter,daniel07@example.com,Finland
465,Jessica,Benson,williamsdavid@example.org,Yemen
466,Jacob,Alexander,sharonanderson@example.org,Spain
467,Cindy,Daniel,hopkinssamantha@example.com,Lao People's Democratic Republic
468,Eric,Conway,alexis41@example.com,Cyprus
469,Natalie,Manning,xabbott@example.com,Central African Republic
470,Diane,Warren,mark52@example.net,British Indian Ocean Territory (Chagos Archipelago)
471,Jennifer,Travis,jennifer05@example.org,Canada
472,Carlos,Alexander,garysandoval@example.org,United States Virgin Islands
473,Cheryl,Hunt,zrobinson@example.com,Canada
474,David,Keith,brownkimberly@example.com,Lithuania
475,Marvin,Baxter,molinadavid@example.org,Philippines
476,Andrea,Becker,bhuang@example.net,North Macedonia
477,Anthony,Oliver,sharongutierrez@example.com,Antigua and Barbuda
478,Dustin,Phillips,brownlisa@example.org,Christmas Island
479,Philip,Evans,bowerssara@example.org,Thailand
480,Steven,Klein,christopher26@example.org,Colombia
481,Steven,Russell,daviddawson@example.com,Gabon
482,Todd,Oliver,dwilson@example.com,Heard Island and McDonald Islands
483,Emma,Brown,ymarquez@example.net,Mauritania
484,Ethan,Sims,boyerdebbie@example.net,Netherlands
485,Alyssa,Johnson,shaunrobles@example.org,Maldives
486,Sean,Smith,beckerjanice@example.org,Sudan
487,Jesse,King,bruce95@example.org,Monaco
488,Aaron,Johnson,yorksteven@example.net,Jordan
489,Samantha,Arias,connerjeffrey@example.net,Lebanon
490,Cynthia,Williams,maddoxnicole@example.com,Bahamas
491,Laura,Barker,zjohnson@example.com,Slovenia
492,Kyle,Garza,daniellediaz@example.net,Lao People's Democratic Republic
493,Aaron,Dean,figueroaelizabeth@example.org,Bangladesh
494,Patricia,Williams,paul30@example.net,Nicaragua
495,Ryan,Cole,lgibson@example.net,Hungary
496,David,Curtis,gregory89@example.org,Niue
497,Gary,Anderson,thompsonjacqueline@example.com,Haiti
498,Heather,Garcia,hullhailey@example.org,Hungary
499,Sarah,Mejia,michael93@example.com,Martinique
500,Richard,Moran,jamiecarson@example.org,Seychelles
